target	resolution_status	coverage_status	context_total_models	context_measured_gene_effect_models	context_median_gene_effect	non_context_median_gene_effect	gene_effect_median_difference	context_measured_probability_models	context_median_dependency_probability	context_fraction_above_first_threshold	non_context_fraction_above_first_threshold	empirical_context_lineage_position	common_essential_reference_status	pan_dependency_reference_status	contradiction_count	limitation_count	profile_status
ABL1	resolved_exact_symbol	sufficient_complete_coverage	56	56	0.016656009569385857	-0.01439645323359159	0.031052462802977448	56	0.018554196815730083	0.0	0.012152777777777778	29.62962962962963	explicitly_absent	reference_unavailable	0	5	valid
ACKR3	resolved_exact_symbol	sufficient_complete_coverage	56	56	0.051971504824438984	0.05145549169103937	0.0005160131333996135	56	0.012531187649904931	0.0	0.0	44.44444444444444	explicitly_absent	reference_unavailable	0	5	valid
ACVR1B	resolved_exact_symbol	sufficient_complete_coverage	56	56	-0.08515877044475642	-0.09349962650204376	0.008340856057287335	56	0.04447697969775254	0.0	0.019097222222222224	44.44444444444444	explicitly_absent	reference_unavailable	0	5	valid
AFDN	resolved_exact_symbol	sufficient_complete_coverage	56	56	-0.09824333463123369	-0.05034653465070568	-0.04789679998052801	56	0.04490595607597833	0.0	0.033854166666666664	66.66666666666667	explicitly_absent	reference_unavailable	0	5	valid
AFF4	resolved_exact_symbol	sufficient_complete_coverage	56	56	-0.05939864471942567	-0.04846659657785693	-0.010932048141568743	56	0.03392475612734393	0.0	0.006076388888888889	44.44444444444444	explicitly_absent	reference_unavailable	0	5	valid
AKT1	resolved_exact_symbol	sufficient_complete_coverage	56	56	0.0046377124629188235	-0.06178562151511162	0.06642333397803044	56	0.020344346257189568	0.0	0.04513888888888889	3.7037037037037037	explicitly_absent	reference_unavailable	0	5	valid
AKT2	resolved_exact_symbol	sufficient_complete_coverage	56	56	-0.007401318928414405	-0.061827372969298654	0.05442605404088425	56	0.020804451087822785	0.0	0.03298611111111111	14.814814814814815	explicitly_absent	reference_unavailable	0	5	valid
ALK	resolved_exact_symbol	sufficient_complete_coverage	56	56	-0.09243115642296142	-0.08370200343847614	-0.008729152984485275	56	0.0461958733533957	0.0	0.006944444444444444	51.851851851851855	explicitly_absent	reference_unavailable	0	5	valid
AMER1	resolved_exact_symbol	sufficient_complete_coverage	56	56	0.08276667476476582	0.055715421836088755	0.027051252928677064	56	0.009990647380253341	0.0	0.0	14.814814814814815	explicitly_absent	reference_unavailable	0	5	valid
APC	resolved_exact_symbol	sufficient_complete_coverage	56	56	-0.3380178346085523	-0.35856163479934966	0.02054380019079738	56	0.27761769575678924	0.3392857142857143	0.3151041666666667	48.148148148148145	explicitly_absent	reference_unavailable	0	5	valid
APOBEC3B	resolved_exact_symbol	sufficient_complete_coverage	56	56	0.005793906262137797	0.0054438496451189875	0.0003500566170188098	56	0.019179227319746587	0.0	0.005208333333333333	48.148148148148145	explicitly_absent	reference_unavailable	0	5	valid
AR	resolved_exact_symbol	sufficient_complete_coverage	56	56	0.09918225274948897	0.0995889074224145	-0.00040665467292552715	56	0.007519158470395323	0.0	0.0026041666666666665	25.925925925925927	explicitly_absent	reference_unavailable	0	5	valid
ARG1	resolved_exact_symbol	sufficient_complete_coverage	56	56	0.11451918046801807	0.15923861473765064	-0.04471943426963257	56	0.006837278753817717	0.0	0.0	81.48148148148148	explicitly_absent	reference_unavailable	0	5	valid
ARHGAP35	resolved_exact_symbol	sufficient_complete_coverage	56	56	0.1631803821345646	0.14921332134714987	0.01396706078741472	56	0.004719702771807059	0.0	0.0	48.148148148148145	explicitly_absent	reference_unavailable	0	5	valid
ARHGEF12	resolved_exact_symbol	sufficient_complete_coverage	56	56	0.034871420237681874	0.06702959068101953	-0.03215817044333766	56	0.015320245248807533	0.0	0.004340277777777778	77.77777777777777	explicitly_absent	reference_unavailable	0	5	valid
ARID1A	resolved_exact_symbol	sufficient_complete_coverage	56	56	-0.2619302515505961	-0.1987028561249499	-0.06322739542564623	56	0.1554943077693044	0.25	0.19791666666666666	48.148148148148145	explicitly_absent	reference_unavailable	0	5	valid
ARID1B	resolved_exact_symbol	sufficient_complete_coverage	56	56	-0.04386019774725303	-0.046217279840372535	0.0023570820931195086	56	0.032552869087177506	0.017857142857142856	0.046875	40.74074074074074	explicitly_absent	reference_unavailable	0	5	valid
ARID2	resolved_exact_symbol	sufficient_complete_coverage	56	56	-0.2207698686925888	-0.39568018024793095	0.17491031155534215	56	0.15054546566780236	0.25	0.3975694444444444	18.51851851851852	explicitly_absent	reference_unavailable	0	5	valid
ARNT	resolved_exact_symbol	sufficient_complete_coverage	56	56	-0.20315562003917215	-0.029467086741976636	-0.17368853329719552	56	0.11103222682700858	0.17857142857142858	0.046875	88.88888888888889	explicitly_absent	reference_unavailable	0	5	valid
ASPSCR1	resolved_exact_symbol	sufficient_complete_coverage	56	56	-0.1028582496030106	-0.16502016861226537	0.062161919009254774	56	0.05442591831673187	0.0	0.019965277777777776	7.407407407407407	explicitly_absent	reference_unavailable	0	5	valid
ATF1	resolved_exact_symbol	sufficient_complete_coverage	56	56	-0.23658966248001567	-0.18135627841219829	-0.05523338406781739	56	0.14648723614834475	0.05357142857142857	0.044270833333333336	92.5925925925926	explicitly_absent	reference_unavailable	0	5	valid
ATM	resolved_exact_symbol	sufficient_complete_coverage	56	56	0.08719509887627361	-0.03271177994171204	0.11990687881798565	56	0.007002239522950301	0.0	0.017361111111111112	7.407407407407407	explicitly_absent	reference_unavailable	0	5	valid
ATP2B3	resolved_exact_symbol	sufficient_complete_coverage	56	56	-0.036856086964585304	-0.006210743477298063	-0.03064534348728724	56	0.03490888626221475	0.0	0.004340277777777778	74.07407407407408	explicitly_absent	reference_unavailable	0	5	valid
ATR	resolved_exact_symbol	sufficient_complete_coverage	56	56	-1.172755189115312	-1.0938521815748763	-0.07890300754043578	56	0.9904158847911251	1.0	0.9722222222222222	77.77777777777777	explicitly_present	reference_unavailable	1	5	valid
ATRX	resolved_exact_symbol	sufficient_complete_coverage	56	56	-0.3302554609174006	-0.16595772427626249	-0.16429773664113811	56	0.30795028110934963	0.32142857142857145	0.12065972222222222	88.88888888888889	explicitly_absent	reference_unavailable	0	5	valid
AXIN1	resolved_exact_symbol	sufficient_complete_coverage	56	56	0.08289157811043477	0.04256362679826843	0.040327951312166335	56	0.009616196179705327	0.03571428571428571	0.029513888888888888	29.62962962962963	explicitly_absent	reference_unavailable	0	5	valid
AXL	resolved_exact_symbol	sufficient_complete_coverage	56	56	-0.05461535624294615	-0.02503393031568872	-0.029581425927257432	56	0.03594859224302639	0.017857142857142856	0.012152777777777778	77.77777777777777	explicitly_absent	reference_unavailable	0	5	valid
B2M	resolved_exact_symbol	sufficient_complete_coverage	56	56	0.015821163143747298	0.03622048456187049	-0.020399321418123194	56	0.0164348942055268	0.0	0.0	88.88888888888889	explicitly_absent	reference_unavailable	0	5	valid
BACH2	resolved_exact_symbol	sufficient_complete_coverage	56	56	0.039909660670576906	0.041516359374421816	-0.0016066987038449096	56	0.013053911679737119	0.0	0.004340277777777778	55.55555555555556	explicitly_absent	reference_unavailable	0	5	valid
BAP1	resolved_exact_symbol	sufficient_complete_coverage	56	56	-0.5909145722746947	-0.5100347991107175	-0.08087977316397721	56	0.7153010101416735	0.6607142857142857	0.5598958333333334	77.77777777777777	explicitly_absent	reference_unavailable	0	5	valid
BCL11A	resolved_exact_symbol	sufficient_complete_coverage	56	56	-0.056271293868629293	-0.043674201784329805	-0.012597092084299488	56	0.033069240860764355	0.017857142857142856	0.012152777777777778	59.25925925925926	explicitly_absent	reference_unavailable	0	5	valid
BCL11B	resolved_exact_symbol	sufficient_complete_coverage	56	56	0.019832171594732825	0.026445756140667742	-0.0066135845459349175	56	0.018108339873370675	0.0	0.015625	70.37037037037037	explicitly_absent	reference_unavailable	0	5	valid
BCL2	resolved_exact_symbol	sufficient_complete_coverage	56	56	-0.025311452898357994	-0.002304872932074549	-0.023006579966283445	56	0.02454383022252416	0.0	0.03819444444444445	74.07407407407408	explicitly_absent	reference_unavailable	0	5	valid
BCL9	resolved_exact_symbol	sufficient_complete_coverage	56	56	-0.23320556013071192	-0.17785031241584626	-0.05535524771486566	56	0.14987003186885173	0.19642857142857142	0.13802083333333334	77.77777777777777	explicitly_absent	reference_unavailable	0	5	valid
BCL9L	resolved_exact_symbol	sufficient_complete_coverage	56	56	-0.08759133713750625	-0.0917593873692542	0.004168050231747947	56	0.03968158389728285	0.017857142857142856	0.0546875	33.333333333333336	explicitly_absent	reference_unavailable	0	5	valid
BCOR	resolved_exact_symbol	sufficient_complete_coverage	56	56	0.025163160100960116	0.036174782854716786	-0.01101162275375667	56	0.01380619756232246	0.017857142857142856	0.025173611111111112	40.74074074074074	explicitly_absent	reference_unavailable	0	5	valid
BCORL1	resolved_exact_symbol	sufficient_complete_coverage	56	56	0.10564126028540002	0.078574067475421	0.027067192809979018	56	0.007299775968082389	0.03571428571428571	0.006076388888888889	40.74074074074074	explicitly_absent	reference_unavailable	0	5	valid
BIRC3	resolved_exact_symbol	sufficient_complete_coverage	56	56	0.0066408270165531635	0.047385018388796066	-0.0407441913722429	56	0.01746802168718406	0.0	0.003472222222222222	88.88888888888889	explicitly_absent	reference_unavailable	0	5	valid
BRAF	resolved_exact_symbol	sufficient_complete_coverage	56	56	-1.2347703095627218	-0.08618464573448142	-1.1485856638282403	56	0.9910996581121145	0.7857142857142857	0.06163194444444445	100.0	explicitly_absent	reference_unavailable	0	5	valid
BRCA1	resolved_exact_symbol	sufficient_complete_coverage	56	56	-0.6447037480808876	-0.45976625838565904	-0.18493748969522855	56	0.7565224518784195	0.7678571428571429	0.4930555555555556	92.5925925925926	explicitly_present	reference_unavailable	1	5	valid
BRCA2	resolved_exact_symbol	sufficient_complete_coverage	56	56	-0.5458386512220574	-0.5148152083770121	-0.031023442845045324	56	0.6356233831085945	0.625	0.5789930555555556	62.96296296296296	explicitly_present	reference_unavailable	1	5	valid
BRD3	resolved_exact_symbol	sufficient_complete_coverage	56	56	0.08710923930845982	0.0926341403288816	-0.005524901020421788	56	0.0076650310535126605	0.0	0.0	62.96296296296296	explicitly_absent	reference_unavailable	0	5	valid
BRD4	resolved_exact_symbol	sufficient_complete_coverage	56	56	-1.107477935554086	-1.0208121016059204	-0.08666583394816563	56	0.9859241206511045	0.9642857142857143	0.9513888888888888	77.77777777777777	explicitly_present	reference_unavailable	1	5	valid
BTK	resolved_exact_symbol	sufficient_complete_coverage	56	56	0.021314724552192434	-0.007330588091896811	0.028645312644089246	56	0.014886149558598682	0.0	0.0078125	18.51851851851852	explicitly_absent	reference_unavailable	0	5	valid
BUB1B	resolved_exact_symbol	sufficient_complete_coverage	56	56	-1.1239831043751725	-1.2084487939933954	0.08446568961822298	56	0.9837485018692456	0.9821428571428571	0.9826388888888888	22.22222222222222	explicitly_present	reference_unavailable	0	5	valid
CACNA1D	resolved_exact_symbol	sufficient_complete_coverage	56	56	-0.019408167580945213	-0.03793979768108344	0.018531630100138224	56	0.02156477750214402	0.0	0.001736111111111111	33.333333333333336	explicitly_absent	reference_unavailable	0	5	valid
CARD11	resolved_exact_symbol	sufficient_complete_coverage	56	56	-0.00843369100614956	-0.051334760222822906	0.042901069216673346	56	0.022444793911606052	0.0	0.006076388888888889	7.407407407407407	explicitly_absent	reference_unavailable	0	5	valid
CARS1	resolved_exact_symbol	sufficient_complete_coverage	56	56	-1.5980364353584418	-1.6918204316248233	0.09378399626638156	56	0.9999665853145443	1.0	0.9982638888888888	22.22222222222222	explicitly_present	reference_unavailable	0	5	valid
CASP8	resolved_exact_symbol	sufficient_complete_coverage	56	56	0.04398793623669359	0.0791425560186391	-0.035154619781945506	56	0.010841974401337703	0.0	0.0008680555555555555	62.96296296296296	explicitly_absent	reference_unavailable	0	5	valid
CBFA2T3	resolved_exact_symbol	sufficient_complete_coverage	56	56	-0.01977128242853117	0.006295977022699727	-0.026067259451230895	56	0.02561603909201212	0.0	0.006076388888888889	81.48148148148148	explicitly_absent	reference_unavailable	0	5	valid
CBL	resolved_exact_symbol	sufficient_complete_coverage	56	56	0.019575406859070273	0.024448993073224557	-0.004873586214154284	56	0.015865046905975483	0.0	0.004340277777777778	44.44444444444444	explicitly_absent	reference_unavailable	0	5	valid
CBLB	resolved_exact_symbol	sufficient_complete_coverage	56	56	-0.0034065031597723177	-0.014833401787283557	0.011426898627511239	56	0.020538144383673726	0.0	0.0	22.22222222222222	explicitly_absent	reference_unavailable	0	5	valid
CCND1	resolved_exact_symbol	sufficient_complete_coverage	56	56	-1.828765775143998	-1.0402667593534412	-0.7884990157905569	56	1.0	0.9642857142857143	0.734375	85.18518518518519	explicitly_present	reference_unavailable	1	5	valid
CCND2	resolved_exact_symbol	sufficient_complete_coverage	56	56	-0.08633474069631311	-0.09905938266767858	0.012724641971365469	56	0.04813965995942092	0.0	0.0703125	33.333333333333336	explicitly_absent	reference_unavailable	0	5	valid
CD274	resolved_exact_symbol	sufficient_complete_coverage	56	56	0.1863639156999815	0.18292940359540852	0.00343451210457299	56	0.0035318069749596765	0.0	0.0	25.925925925925927	explicitly_absent	reference_unavailable	0	5	valid
CD79A	resolved_exact_symbol	sufficient_complete_coverage	56	56	0.1100920547426244	0.1502631834284648	-0.04017112868584041	56	0.0069261069107548695	0.0	0.011284722222222222	88.88888888888889	explicitly_absent	reference_unavailable	0	5	valid
CD8A	resolved_exact_symbol	sufficient_complete_coverage	56	56	0.03928974584334112	0.009326868105865534	0.029962877737475586	56	0.011938528707279468	0.0	0.001736111111111111	11.11111111111111	explicitly_absent	reference_unavailable	0	5	valid
CDH1	resolved_exact_symbol	sufficient_complete_coverage	56	56	-0.07204685958685368	-0.07780743771436863	0.005760578127514945	56	0.04375955195407501	0.03571428571428571	0.044270833333333336	25.925925925925927	explicitly_absent	reference_unavailable	0	5	valid
CDK12	resolved_exact_symbol	sufficient_complete_coverage	56	56	-0.47096900533770847	-0.40197460651605	-0.06899439882165848	56	0.4693828317812654	0.44642857142857145	0.3680555555555556	85.18518518518519	explicitly_present	reference_unavailable	1	5	valid
CDK4	resolved_exact_symbol	sufficient_complete_coverage	56	56	-0.7802086880629331	-0.555203482310257	-0.22500520575267613	56	0.8640150958074966	0.7857142857142857	0.6371527777777778	66.66666666666667	explicitly_present	reference_unavailable	1	5	valid
CDK6	resolved_exact_symbol	sufficient_complete_coverage	56	56	-0.4741396489201388	-0.5301172743335945	0.055977625413455634	56	0.5298570181549593	0.5178571428571429	0.5434027777777778	48.148148148148145	explicitly_absent	reference_unavailable	0	5	valid
CDKN2A	resolved_exact_symbol	sufficient_complete_coverage	56	56	0.16082152009903888	0.1537404477867926	0.007081072312246278	56	0.0038283808957741555	0.0	0.001736111111111111	48.148148148148145	explicitly_absent	reference_unavailable	0	5	valid
CDKN2B	resolved_exact_symbol	sufficient_complete_coverage	56	55	0.15881718146129087	0.09646482950727868	0.06235235195401219	55	0.005092649083602317	0.0	0.0009009009009009009	11.11111111111111	explicitly_absent	reference_unavailable	0	5	valid
CDX2	resolved_exact_symbol	sufficient_complete_coverage	56	56	-0.059264623715066425	-0.0901389591725308	0.030874335457464375	56	0.03842983462576611	0.0	0.026909722222222224	44.44444444444444	explicitly_absent	reference_unavailable	0	5	valid
CHD4	resolved_exact_symbol	sufficient_complete_coverage	56	56	-1.2512662213227028	-1.0955285224412754	-0.1557376988814274	56	0.9929567916053474	1.0	0.9670138888888888	70.37037037037037	explicitly_present	reference_unavailable	1	5	valid
CHEK2	resolved_exact_symbol	sufficient_complete_coverage	56	56	0.3224042378144514	0.19688098835968726	0.12552324945476412	56	0.0006560276296503497	0.0	0.0	7.407407407407407	explicitly_absent	reference_unavailable	0	5	valid
CIC	resolved_exact_symbol	sufficient_complete_coverage	56	56	-0.0724818295618623	-0.047195734884763044	-0.02528609467709926	56	0.041316844193587124	0.08928571428571429	0.0234375	74.07407407407408	explicitly_absent	reference_unavailable	0	5	valid
CIITA	resolved_exact_symbol	sufficient_complete_coverage	56	56	0.01143269694703151	0.05172624755968459	-0.040293550612653085	56	0.016486777927961806	0.0	0.0008680555555555555	74.07407407407408	explicitly_absent	reference_unavailable	0	5	valid
CLPTM1L	resolved_exact_symbol	sufficient_complete_coverage	56	56	0.11157894179367531	0.09135273401014984	0.020226207783525463	56	0.006899426529077324	0.0	0.001736111111111111	11.11111111111111	explicitly_absent	reference_unavailable	0	5	valid
CLTC	resolved_exact_symbol	sufficient_complete_coverage	56	56	-1.5407053756609363	-1.5906811690883584	0.04997579342742209	56	0.999767927569396	0.9821428571428571	0.9878472222222222	62.96296296296296	explicitly_present	reference_unavailable	0	5	valid
CNOT3	resolved_exact_symbol	sufficient_complete_coverage	56	56	-1.5936584691809363	-1.5482596359662053	-0.04539883321473104	56	0.9998302256586487	1.0	0.9913194444444444	55.55555555555556	explicitly_present	reference_unavailable	1	5	valid
CNOT9	resolved_exact_symbol	sufficient_complete_coverage	56	56	-0.4553898880376292	-0.5151796029638729	0.05978971492624369	56	0.5364384999804481	0.5178571428571429	0.5807291666666666	44.44444444444444	explicitly_present	reference_unavailable	0	5	valid
CREB1	resolved_exact_symbol	sufficient_complete_coverage	56	56	-0.0970478339479603	-0.09810468437499631	0.0010568504270360157	56	0.04475869080138886	0.017857142857142856	0.036458333333333336	37.03703703703704	explicitly_absent	reference_unavailable	0	5	valid
CREBBP	resolved_exact_symbol	sufficient_complete_coverage	56	56	0.12434295478017252	-0.05535208762838778	0.1796950424085603	56	0.006852358906610696	0.017857142857142856	0.12586805555555555	25.925925925925927	explicitly_absent	reference_unavailable	0	5	valid
CRLF2	resolved_exact_symbol	insufficient_measured_context_models	56	4	0.10345284711544935	0.08640211093370642		4	0.005901815316236432	0.0	0.0	26.666666666666668	explicitly_absent	reference_unavailable	0	5	valid
CSF1R	resolved_exact_symbol	sufficient_complete_coverage	56	56	0.016248024381766507	-0.012633329523399704	0.02888135390516621	56	0.018261184417227513	0.0	0.0	33.333333333333336	explicitly_absent	reference_unavailable	0	5	valid
CSF3R	resolved_exact_symbol	sufficient_complete_coverage	56	56	-0.1036037219983435	-0.10573413036973203	0.0021304083713885313	56	0.05600813177010951	0.017857142857142856	0.010416666666666666	51.851851851851855	explicitly_absent	reference_unavailable	0	5	valid
CTLA4	resolved_exact_symbol	sufficient_complete_coverage	56	56	0.005832932383737247	-0.006802665948114025	0.012635598331851272	56	0.01842904351594934	0.0	0.0	37.03703703703704	explicitly_absent	reference_unavailable	0	5	valid
CTNNB1	resolved_exact_symbol	sufficient_complete_coverage	56	56	-0.20773415732109757	-0.1360022774360092	-0.07173187988508836	56	0.13451455384394487	0.07142857142857142	0.13368055555555555	81.48148148148148	explicitly_absent	reference_unavailable	0	5	valid
CUX1	resolved_exact_symbol	sufficient_complete_coverage	56	56	0.04287214215173468	0.0869825007527967	-0.04411035860106202	56	0.010248060779731664	0.0	0.005208333333333333	55.55555555555556	explicitly_absent	reference_unavailable	0	5	valid
CXCL12	resolved_exact_symbol	sufficient_complete_coverage	56	56	-0.022205827285089998	-0.022014651192065398	-0.00019117609302459967	56	0.020696994642275326	0.0	0.001736111111111111	48.148148148148145	explicitly_absent	reference_unavailable	0	5	valid
CXCL9	resolved_exact_symbol	sufficient_complete_coverage	56	56	0.05281410370015513	0.055645480717740975	-0.0028313770175858455	56	0.012647935195006565	0.0	0.0	62.96296296296296	explicitly_absent	reference_unavailable	0	5	valid
CXCR4	resolved_exact_symbol	sufficient_complete_coverage	56	56	0.05891644317724552	0.03551528037284271	0.02340116280440281	56	0.012532064623048806	0.0	0.0	33.333333333333336	explicitly_absent	reference_unavailable	0	5	valid
CYLD	resolved_exact_symbol	sufficient_complete_coverage	56	56	-0.08653479539938982	-0.09590282432788348	0.009368028928493657	56	0.04655640165652187	0.017857142857142856	0.028645833333333332	22.22222222222222	explicitly_absent	reference_unavailable	0	5	valid
CYP1B1	resolved_exact_symbol	sufficient_complete_coverage	56	56	0.09166972667834505	0.07704917027985958	0.014620556398485474	56	0.008242491577905423	0.0	0.0	40.74074074074074	explicitly_absent	reference_unavailable	0	5	valid
DAXX	resolved_exact_symbol	sufficient_complete_coverage	56	56	-0.383732915488141	-0.32781716907898456	-0.05591574640915642	56	0.4007934163278375	0.42857142857142855	0.2994791666666667	70.37037037037037	explicitly_absent	reference_unavailable	0	5	valid
DDR2	resolved_exact_symbol	sufficient_complete_coverage	56	56	-0.020729125875991173	-0.02499213293873221	0.004263007062741037	56	0.022905507258844444	0.0	0.0008680555555555555	33.333333333333336	explicitly_absent	reference_unavailable	0	5	valid
DDX3X	resolved_exact_symbol	sufficient_complete_coverage	56	56	-0.6607130262900589	-0.9204754845756884	0.2597624582856295	56	0.7872151954624422	0.6785714285714286	0.7838541666666666	18.51851851851852	explicitly_absent	reference_unavailable	0	5	valid
DICER1	resolved_exact_symbol	sufficient_complete_coverage	56	56	-0.6573228251847951	-0.5333495378258184	-0.12397328735897672	56	0.8229355663334141	0.7678571428571429	0.6041666666666666	88.88888888888889	explicitly_present	reference_unavailable	1	5	valid
DNMT3A	resolved_exact_symbol	sufficient_complete_coverage	56	56	0.18235534714872575	0.16913275721791513	0.01322258993081063	56	0.0035343347073587836	0.0	0.0	22.22222222222222	explicitly_absent	reference_unavailable	0	5	valid
EGFR	resolved_exact_symbol	sufficient_complete_coverage	56	56	-0.08543314878433285	-0.1329829304084583	0.047549781624125445	56	0.05061839110667351	0.017857142857142856	0.19791666666666666	44.44444444444444	explicitly_absent	reference_unavailable	0	5	valid
ENTPD1	resolved_exact_symbol	sufficient_complete_coverage	56	56	0.03958058875364162	0.04175603185707605	-0.002175443103434427	56	0.014386164975697509	0.0	0.0	55.55555555555556	explicitly_absent	reference_unavailable	0	5	valid
EP300	resolved_exact_symbol	sufficient_complete_coverage	56	56	-0.3520231118620166	-0.31374602852517774	-0.03827708333683888	56	0.30719246495550195	0.375	0.3585069444444444	40.74074074074074	explicitly_absent	reference_unavailable	0	5	valid
ERBB2	resolved_exact_symbol	sufficient_complete_coverage	56	56	-0.246206895071223	-0.2765318958763646	0.03032500080514161	56	0.1734088090428273	0.10714285714285714	0.20572916666666666	33.333333333333336	explicitly_absent	reference_unavailable	0	5	valid
ERBB3	resolved_exact_symbol	sufficient_complete_coverage	56	56	-0.2064135944999752	-0.1589272115709494	-0.047486382929025794	56	0.13126533178718724	0.07142857142857142	0.0920138888888889	85.18518518518519	explicitly_absent	reference_unavailable	0	5	valid
ERBB4	resolved_exact_symbol	sufficient_complete_coverage	56	56	-0.08133237680604319	-0.07965460318059267	-0.0016777736254505182	56	0.04663575266879736	0.0	0.005208333333333333	48.148148148148145	explicitly_absent	reference_unavailable	0	5	valid
ERCC2	resolved_exact_symbol	sufficient_complete_coverage	56	56	-0.8344001265829372	-1.0164946290135148	0.18209450243057768	56	0.9417257675715691	0.9285714285714286	0.9487847222222222	3.7037037037037037	explicitly_present	reference_unavailable	0	5	valid
ERCC3	resolved_exact_symbol	sufficient_complete_coverage	56	56	-1.0257305946001085	-1.0099328935587977	-0.01579770104131084	56	0.9767427569343496	0.9821428571428571	0.9791666666666666	55.55555555555556	explicitly_present	reference_unavailable	1	5	valid
ERCC4	resolved_exact_symbol	sufficient_complete_coverage	56	56	-0.312962794264828	-0.28260245550413393	-0.03036033876069405	56	0.25032416264247376	0.16071428571428573	0.2048611111111111	74.07407407407408	explicitly_absent	reference_unavailable	0	5	valid
ERCC5	resolved_exact_symbol	sufficient_complete_coverage	56	56	0.02281300196535606	0.004754426576597483	0.018058575388758574	56	0.016749164858456053	0.0	0.0	44.44444444444444	explicitly_absent	reference_unavailable	0	5	valid
ESR1	resolved_exact_symbol	sufficient_complete_coverage	56	56	-0.00802662620138481	-0.035072393707524414	0.027045767506139604	56	0.02133572171212511	0.0	0.014756944444444444	25.925925925925927	explicitly_absent	reference_unavailable	0	5	valid
EZH2	resolved_exact_symbol	sufficient_complete_coverage	56	56	0.0320485927146671	-0.01615439674972201	0.04820298946438911	56	0.01521772005739586	0.0	0.0842013888888889	40.74074074074074	explicitly_absent	reference_unavailable	0	5	valid
FANCA	resolved_exact_symbol	sufficient_complete_coverage	56	56	-0.2676352166799574	-0.2268793023270395	-0.040755914352917866	56	0.18706360909548436	0.21428571428571427	0.16493055555555555	74.07407407407408	explicitly_absent	reference_unavailable	0	5	valid
FANCD2	resolved_exact_symbol	sufficient_complete_coverage	56	56	-0.24333725518628152	-0.2527791299461499	0.009441874759868407	56	0.16569585838507817	0.08928571428571429	0.17274305555555555	51.851851851851855	explicitly_absent	reference_unavailable	0	5	valid
FANCE	resolved_exact_symbol	sufficient_complete_coverage	56	56	-0.19399076273649424	-0.1834007591965154	-0.010590003539978826	56	0.12078053526514522	0.05357142857142857	0.07899305555555555	74.07407407407408	explicitly_absent	reference_unavailable	0	5	valid
FANCF	resolved_exact_symbol	sufficient_complete_coverage	56	56	-0.31555455536594124	-0.26618972538303864	-0.04936482998290259	56	0.24263160040327705	0.23214285714285715	0.17881944444444445	70.37037037037037	explicitly_absent	reference_unavailable	0	5	valid
FAS	resolved_exact_symbol	sufficient_complete_coverage	56	56	-0.11478192715046522	-0.12435506063257856	0.009573133482113347	56	0.05203040919741203	0.0	0.004340277777777778	37.03703703703704	explicitly_absent	reference_unavailable	0	5	valid
FAT1	resolved_exact_symbol	sufficient_complete_coverage	56	56	0.04713508116369999	0.06842656748864713	-0.021291486324947137	56	0.013016969463129585	0.0	0.0	66.66666666666667	explicitly_absent	reference_unavailable	0	5	valid
FAT4	resolved_exact_symbol	sufficient_complete_coverage	56	56	-0.023054746641925847	-0.03392017626805029	0.01086542962612444	56	0.026496833584941027	0.0	0.0	37.03703703703704	explicitly_absent	reference_unavailable	0	5	valid
FBXO11	resolved_exact_symbol	sufficient_complete_coverage	56	56	-0.03427403620395675	-0.1713673283895495	0.13709329218559274	56	0.029319765084054497	0.08928571428571429	0.1918402777777778	11.11111111111111	explicitly_absent	reference_unavailable	0	5	valid
FBXW7	resolved_exact_symbol	sufficient_complete_coverage	56	56	0.08885012160126604	0.010205989215357245	0.0786441323859088	56	0.00790827217292547	0.0	0.05555555555555555	22.22222222222222	explicitly_absent	reference_unavailable	0	5	valid
FCRL4	resolved_exact_symbol	sufficient_complete_coverage	56	56	-0.10620558769013834	-0.08730315492360355	-0.01890243276653479	56	0.05680147102116183	0.0	0.003472222222222222	62.96296296296296	explicitly_absent	reference_unavailable	0	5	valid
FGFR1	resolved_exact_symbol	sufficient_complete_coverage	56	56	-0.04514236242722311	-0.08807460915298418	0.04293224672576107	56	0.030469376280351304	0.017857142857142856	0.1293402777777778	29.62962962962963	explicitly_absent	reference_unavailable	0	5	valid
FGFR2	resolved_exact_symbol	sufficient_complete_coverage	56	56	-0.05163254238200452	-0.05039978034208241	-0.0012327620399221126	56	0.03537906820870254	0.017857142857142856	0.020833333333333332	40.74074074074074	explicitly_absent	reference_unavailable	0	5	valid
FGFR3	resolved_exact_symbol	sufficient_complete_coverage	56	56	0.04922997969645476	0.051745889423516794	-0.0025159097270620323	56	0.015458308668818171	0.0	0.006076388888888889	40.74074074074074	explicitly_absent	reference_unavailable	0	5	valid
FGFR4	resolved_exact_symbol	sufficient_complete_coverage	56	56	-0.0050449308179600395	0.0027003004871381017	-0.007745231305098141	56	0.01975265020738414	0.0	0.006944444444444444	62.96296296296296	explicitly_absent	reference_unavailable	0	5	valid
FH	resolved_exact_symbol	sufficient_complete_coverage	56	56	-0.3487538509937572	-0.2650427948104634	-0.08371105618329383	56	0.293119690869387	0.2857142857142857	0.1987847222222222	85.18518518518519	explicitly_absent	reference_unavailable	0	5	valid
FLG	resolved_exact_symbol	sufficient_complete_coverage	56	56	0.053553678456244605	0.07752310352602157	-0.023969425069776965	56	0.012053492803449247	0.0	0.0	66.66666666666667	explicitly_absent	reference_unavailable	0	5	valid
FLT3	resolved_exact_symbol	sufficient_complete_coverage	56	56	-0.13862055477951635	-0.14433146252465615	0.005710907745139798	56	0.08088979303060306	0.017857142857142856	0.010416666666666666	40.74074074074074	explicitly_absent	reference_unavailable	0	5	valid
FLT4	resolved_exact_symbol	sufficient_complete_coverage	56	56	0.029329758113223747	0.022611161855231363	0.006718596257992385	56	0.016517954870417618	0.0	0.0008680555555555555	51.851851851851855	explicitly_absent	reference_unavailable	0	5	valid
FMN1	resolved_exact_symbol	sufficient_complete_coverage	56	56	0.13594679027128903	0.0793384023090912	0.05660838796219783	56	0.005465761799348213	0.017857142857142856	0.001736111111111111	11.11111111111111	explicitly_absent	reference_unavailable	0	5	valid
FOXP1	resolved_exact_symbol	sufficient_complete_coverage	56	56	0.006684601879123767	0.03267808225302871	-0.025993480373904948	56	0.018906366489225244	0.0	0.004340277777777778	59.25925925925926	explicitly_absent	reference_unavailable	0	5	valid
FOXP3	resolved_exact_symbol	sufficient_complete_coverage	56	56	0.06163214472920807	0.08439257079983098	-0.02276042607062291	56	0.01160893644614088	0.0	0.0	66.66666666666667	explicitly_absent	reference_unavailable	0	5	valid
FUBP1	resolved_exact_symbol	sufficient_complete_coverage	56	56	-0.19477172807427562	-0.18567123240310301	-0.009100495671172604	56	0.10461075385553599	0.05357142857142857	0.1032986111111111	55.55555555555556	explicitly_absent	reference_unavailable	0	5	valid
GATA2	resolved_exact_symbol	sufficient_complete_coverage	56	56	0.05691850044409493	0.05055920094207224	0.006359299502022693	56	0.012027009295317814	0.0	0.0234375	44.44444444444444	explicitly_absent	reference_unavailable	0	5	valid
GNA11	resolved_exact_symbol	sufficient_complete_coverage	56	56	-0.1566551127202881	-0.13426614724950947	-0.02238896547077862	56	0.09407439748766974	0.017857142857142856	0.0078125	59.25925925925926	explicitly_absent	reference_unavailable	0	5	valid
GNAQ	resolved_exact_symbol	sufficient_complete_coverage	56	56	-0.3311970646804885	-0.303722568914944	-0.027474495765544504	56	0.27679032897507927	0.23214285714285715	0.15711805555555555	74.07407407407408	explicitly_absent	reference_unavailable	0	5	valid
GNAS	resolved_exact_symbol	sufficient_complete_coverage	56	56	-0.0395043305663757	-0.029135792389810813	-0.010368538176564888	56	0.032055853208135324	0.017857142857142856	0.005208333333333333	62.96296296296296	explicitly_absent	reference_unavailable	0	5	valid
GRIN2A	resolved_exact_symbol	sufficient_complete_coverage	56	56	-0.08077181172218598	-0.10362275852250574	0.022850946800319766	56	0.04293536851828147	0.0	0.003472222222222222	18.51851851851852	explicitly_absent	reference_unavailable	0	5	valid
GZMB	resolved_exact_symbol	sufficient_complete_coverage	56	56	-0.06917978710613715	-0.09065186099510326	0.021472073888966117	56	0.034480980287158486	0.0	0.03298611111111111	14.814814814814815	explicitly_absent	reference_unavailable	0	5	valid
H3-3A	resolved_exact_symbol	sufficient_complete_coverage	56	55	-1.346906237251263	-1.4274413527694203	0.08053511551815729	55	0.995866238899257	1.0	0.9990328820116054	22.22222222222222	explicitly_present	reference_unavailable	0	5	valid
H3-3B	resolved_exact_symbol	sufficient_complete_coverage	56	56	-0.33933172423069585	-0.33294586043375146	-0.006385863796944391	56	0.3108532559759873	0.2857142857142857	0.20572916666666666	51.851851851851855	explicitly_absent	reference_unavailable	0	5	valid
H3C2	resolved_exact_symbol	sufficient_complete_coverage	56	56	-0.20958209107011988	-0.15030042508751462	-0.05928166598260526	56	0.13346229752303382	0.03571428571428571	0.0390625	96.29629629629629	explicitly_absent	reference_unavailable	0	5	valid
HAVCR2	resolved_exact_symbol	sufficient_complete_coverage	56	56	0.021078887581460377	0.02068223283461549	0.0003966547468448878	56	0.014689188029942131	0.0	0.0008680555555555555	59.25925925925926	explicitly_absent	reference_unavailable	0	5	valid
HGF	resolved_exact_symbol	sufficient_complete_coverage	56	56	0.11360474924188933	0.10693466782056527	0.006670081421324067	56	0.007790645531783854	0.0	0.0008680555555555555	59.25925925925926	explicitly_absent	reference_unavailable	0	5	valid
HLA-A	resolved_exact_symbol	sufficient_complete_coverage	56	56	-0.17280744614212706	-0.17130900334938684	-0.0014984427927402233	56	0.09981467563830992	0.03571428571428571	0.020833333333333332	33.333333333333336	explicitly_absent	reference_unavailable	0	5	valid
HLA-B	resolved_exact_symbol	sufficient_complete_coverage	56	56	-0.07423159504405025	-0.06003423347479433	-0.014197361569255919	56	0.04113581826807637	0.0	0.013020833333333334	66.66666666666667	explicitly_absent	reference_unavailable	0	5	valid
HNF1A	resolved_exact_symbol	sufficient_complete_coverage	56	56	-0.04778355491386431	-0.08873691102912343	0.04095335611525912	56	0.03521909600150257	0.017857142857142856	0.03819444444444445	51.851851851851855	explicitly_absent	reference_unavailable	0	5	valid
HRAS	resolved_exact_symbol	sufficient_complete_coverage	56	56	-0.15093706759740222	-0.1723323947059019	0.021395327108499673	56	0.09876526486851311	0.07142857142857142	0.03125	51.851851851851855	explicitly_absent	reference_unavailable	0	5	valid
IDH1	resolved_exact_symbol	sufficient_complete_coverage	56	56	-0.07154041810566106	-0.0894757637733739	0.01793534566771285	56	0.03720868827740238	0.03571428571428571	0.006076388888888889	44.44444444444444	explicitly_absent	reference_unavailable	0	5	valid
IDO1	resolved_exact_symbol	sufficient_complete_coverage	56	56	0.05843457057831062	0.07991012915554735	-0.02147555857723673	56	0.012181418582402407	0.0	0.0	59.25925925925926	explicitly_absent	reference_unavailable	0	5	valid
IFNAR1	resolved_exact_symbol	sufficient_complete_coverage	56	56	0.10365599503808863	0.0905500778876211	0.013105917150467536	56	0.00683742314520901	0.0	0.0008680555555555555	29.62962962962963	explicitly_absent	reference_unavailable	0	5	valid
IFNAR2	resolved_exact_symbol	sufficient_complete_coverage	56	56	0.04386869337198644	0.05345392875817253	-0.009585235386186088	56	0.012610739619383672	0.017857142857142856	0.0008680555555555555	44.44444444444444	explicitly_absent	reference_unavailable	0	5	valid
IFNGR1	resolved_exact_symbol	sufficient_complete_coverage	56	56	0.08379368461486343	0.09999498361763992	-0.01620129900277649	56	0.008325044038448394	0.0	0.001736111111111111	77.77777777777777	explicitly_absent	reference_unavailable	0	5	valid
IKBKB	resolved_exact_symbol	sufficient_complete_coverage	56	56	-0.035178888153201554	-0.05102159812064679	0.01584270996744524	56	0.032710880080595445	0.0	0.04513888888888889	48.148148148148145	explicitly_absent	reference_unavailable	0	5	valid
IKZF1	resolved_exact_symbol	sufficient_complete_coverage	56	56	0.08862815619119767	0.04951864707054353	0.03910950912065414	56	0.008626052643370095	0.0	0.030381944444444444	3.7037037037037037	explicitly_absent	reference_unavailable	0	5	valid
IKZF3	resolved_exact_symbol	sufficient_complete_coverage	56	56	-0.08258590755905212	-0.08543510902941406	0.0028492014703619395	56	0.047431048431888424	0.0	0.033854166666666664	40.74074074074074	explicitly_absent	reference_unavailable	0	5	valid
IL2RA	resolved_exact_symbol	sufficient_complete_coverage	56	56	0.02141508360816008	0.03506792351978908	-0.013652839911629001	56	0.01744431698994827	0.0	0.001736111111111111	77.77777777777777	explicitly_absent	reference_unavailable	0	5	valid
IL2RB	resolved_exact_symbol	sufficient_complete_coverage	56	56	0.0038683297949551783	0.02439620727691242	-0.02052787748195724	56	0.020888460567987405	0.0	0.0008680555555555555	55.55555555555556	explicitly_absent	reference_unavailable	0	5	valid
IL2RG	resolved_exact_symbol	sufficient_complete_coverage	56	56	0.0675100811958824	0.07178624857086237	-0.004276167374979975	56	0.010681045947869647	0.0	0.003472222222222222	33.333333333333336	explicitly_absent	reference_unavailable	0	5	valid
IL7R	resolved_exact_symbol	sufficient_complete_coverage	56	56	0.06426875135630919	0.0540259277490285	0.01024282360728069	56	0.010212835631815064	0.0	0.0008680555555555555	25.925925925925927	explicitly_absent	reference_unavailable	0	5	valid
IRF1	resolved_exact_symbol	sufficient_complete_coverage	56	56	-0.021794338384010233	-0.05149455915614158	0.029700220772131348	56	0.02736019181396147	0.0	0.004340277777777778	18.51851851851852	explicitly_absent	reference_unavailable	0	5	valid
IRF4	resolved_exact_symbol	sufficient_complete_coverage	56	56	-0.23865970092198735	-0.10271057116576726	-0.1359491297562201	56	0.1569832292049153	0.32142857142857145	0.059895833333333336	85.18518518518519	explicitly_absent	reference_unavailable	0	5	valid
IRS4	resolved_exact_symbol	sufficient_complete_coverage	56	56	-0.07806148005826202	-0.10738684343815279	0.029325363379890765	56	0.0474389800368865	0.0	0.012152777777777778	29.62962962962963	explicitly_absent	reference_unavailable	0	5	valid
JAK1	resolved_exact_symbol	sufficient_complete_coverage	56	56	0.02114251550731768	-0.06171786636938264	0.08286038187670032	56	0.020298339745821688	0.0	0.042534722222222224	7.407407407407407	explicitly_absent	reference_unavailable	0	5	valid
JAK2	resolved_exact_symbol	sufficient_complete_coverage	56	56	0.14140384507405612	0.13554410657570745	0.005859738498348671	56	0.005546648360096902	0.0	0.006944444444444444	33.333333333333336	explicitly_absent	reference_unavailable	0	5	valid
JUN	resolved_exact_symbol	sufficient_complete_coverage	56	56	-0.17296392891862877	-0.2215204526435342	0.04855652372490543	56	0.08893106341563362	0.10714285714285714	0.2092013888888889	44.44444444444444	explicitly_absent	reference_unavailable	0	5	valid
KAT6A	resolved_exact_symbol	sufficient_complete_coverage	56	56	-0.10723105858661139	-0.06841728941848245	-0.03881376916812894	56	0.0533855412738906	0.10714285714285714	0.046875	81.48148148148148	explicitly_absent	reference_unavailable	0	5	valid
KAT6B	resolved_exact_symbol	sufficient_complete_coverage	56	56	-0.027627318543472862	-0.017488846530694255	-0.010138472012778607	56	0.02764718556997526	0.0	0.006944444444444444	40.74074074074074	explicitly_absent	reference_unavailable	0	5	valid
KDM5A	resolved_exact_symbol	sufficient_complete_coverage	56	56	-0.08145184435535191	-0.123397791469151	0.04194594711379909	56	0.043825408803144034	0.05357142857142857	0.0703125	40.74074074074074	explicitly_absent	reference_unavailable	0	5	valid
KDR	resolved_exact_symbol	sufficient_complete_coverage	56	56	-0.0387256781978957	-0.10628614925239364	0.06756047105449794	56	0.03446964505050472	0.0	0.0078125	25.925925925925927	explicitly_absent	reference_unavailable	0	5	valid
KEAP1	resolved_exact_symbol	sufficient_complete_coverage	56	56	-0.3844446143597566	-0.12876419291117772	-0.25568042144857883	56	0.37728663389576456	0.42857142857142855	0.20225694444444445	92.5925925925926	explicitly_absent	reference_unavailable	0	5	valid
KIT	resolved_exact_symbol	sufficient_complete_coverage	56	56	-0.11187987261054008	-0.049520046569690335	-0.06235982604084975	56	0.05726951313842029	0.0	0.006944444444444444	77.77777777777777	explicitly_absent	reference_unavailable	0	5	valid
KLF4	resolved_exact_symbol	sufficient_complete_coverage	56	56	-0.045825769626115405	-0.03577309204374583	-0.010052677582369572	56	0.02931121522718555	0.0	0.011284722222222222	62.96296296296296	explicitly_absent	reference_unavailable	0	5	valid
KLF6	resolved_exact_symbol	sufficient_complete_coverage	56	56	-0.05126217030720511	0.05671932324115789	-0.107981493548363	56	0.03244514830539762	0.03571428571428571	0.022569444444444444	70.37037037037037	explicitly_absent	reference_unavailable	0	5	valid
KMT2A	resolved_exact_symbol	sufficient_complete_coverage	56	56	-0.13474643688042431	-0.1774936735376852	0.04274723665726088	56	0.0731199024889937	0.03571428571428571	0.14583333333333334	22.22222222222222	explicitly_absent	reference_unavailable	0	5	valid
KMT2C	resolved_exact_symbol	sufficient_complete_coverage	56	56	0.08688860720869607	0.02716414390798371	0.059724463300712356	56	0.00790666231691314	0.017857142857142856	0.0234375	22.22222222222222	explicitly_absent	reference_unavailable	0	5	valid
KMT2D	resolved_exact_symbol	sufficient_complete_coverage	56	56	-0.2813972812521446	-0.35788817100046905	0.07649088974832446	56	0.1829714967357441	0.30357142857142855	0.3645833333333333	22.22222222222222	explicitly_absent	reference_unavailable	0	5	valid
KNL1	resolved_exact_symbol	sufficient_complete_coverage	56	56	-0.6974565079231971	-0.6403867521469886	-0.05706975577620854	56	0.83423638852549	0.875	0.8142361111111112	44.44444444444444	explicitly_present	reference_unavailable	1	5	valid
KRAS	resolved_exact_symbol	sufficient_complete_coverage	56	56	-0.4270863694795695	-0.5281858748391903	0.10109950535962081	56	0.4738799422322064	0.48214285714285715	0.5807291666666666	22.22222222222222	explicitly_present	reference_unavailable	0	5	valid
KRT5	resolved_exact_symbol	sufficient_complete_coverage	56	56	-0.03875848753631785	-0.04773393398761376	0.008975446451295908	56	0.027358384042971286	0.0	0.001736111111111111	33.333333333333336	explicitly_absent	reference_unavailable	0	5	valid
LAG3	resolved_exact_symbol	sufficient_complete_coverage	56	56	0.006693995382591952	-0.003618027317403587	0.01031202269999554	56	0.02026514620529634	0.0	0.0008680555555555555	70.37037037037037	explicitly_absent	reference_unavailable	0	5	valid
LATS2	resolved_exact_symbol	sufficient_complete_coverage	56	56	0.02532013141759792	-0.045542199828101974	0.07086233124569989	56	0.023948406020125466	0.017857142857142856	0.010416666666666666	33.333333333333336	explicitly_absent	reference_unavailable	0	5	valid
LCK	resolved_exact_symbol	sufficient_complete_coverage	56	56	-0.015814512461379424	-0.004169732479268769	-0.011644779982110654	56	0.022171372889984876	0.0	0.0008680555555555555	88.88888888888889	explicitly_absent	reference_unavailable	0	5	valid
LILRB1	resolved_exact_symbol	sufficient_complete_coverage	56	56	0.051821418581015924	0.07242996722054487	-0.020608548639528948	56	0.013681127550983843	0.0	0.0008680555555555555	62.96296296296296	explicitly_absent	reference_unavailable	0	5	valid
LILRB2	resolved_exact_symbol	sufficient_complete_coverage	56	56	-0.10414190586983159	-0.08313150725415695	-0.021010398615674636	56	0.054768936757054784	0.017857142857142856	0.018229166666666668	81.48148148148148	explicitly_absent	reference_unavailable	0	5	valid
LPP	resolved_exact_symbol	sufficient_complete_coverage	56	56	0.052278005196747614	0.06052204046355543	-0.008244035266807816	56	0.012845188877211793	0.0	0.0	48.148148148148145	explicitly_absent	reference_unavailable	0	5	valid
LRP1B	resolved_exact_symbol	sufficient_complete_coverage	56	56	-0.1145412718983222	-0.14613541027687557	0.03159413837855338	56	0.0526553283158261	0.03571428571428571	0.03125	14.814814814814815	explicitly_absent	reference_unavailable	0	5	valid
LZTR1	resolved_exact_symbol	sufficient_complete_coverage	56	56	-0.032631692394577985	-0.0040996041084022244	-0.02853208828617576	56	0.027297324657613566	0.0	0.008680555555555556	74.07407407407408	explicitly_absent	reference_unavailable	0	5	valid
MAP2K1	resolved_exact_symbol	sufficient_complete_coverage	56	56	-0.38895098205912615	-0.13536923650240806	-0.2535817455567181	56	0.38746891216194834	0.39285714285714285	0.03732638888888889	100.0	explicitly_absent	reference_unavailable	0	5	valid
MAP2K2	resolved_exact_symbol	sufficient_complete_coverage	56	56	-0.27913492073021595	-0.16844031673292117	-0.11069460399729478	56	0.210854567680023	0.26785714285714285	0.028645833333333332	85.18518518518519	explicitly_absent	reference_unavailable	0	5	valid
MAP2K4	resolved_exact_symbol	sufficient_complete_coverage	56	56	0.007155568370856763	0.0915090254067388	-0.08435345703588204	56	0.02000527970907914	0.017857142857142856	0.013020833333333334	88.88888888888889	explicitly_absent	reference_unavailable	0	5	valid
MAP3K1	resolved_exact_symbol	sufficient_complete_coverage	56	56	-0.18106151480989618	-0.10070370508995352	-0.08035780971994266	56	0.08325360586789075	0.017857142857142856	0.013020833333333334	92.5925925925926	explicitly_absent	reference_unavailable	0	5	valid
MAP3K13	resolved_exact_symbol	sufficient_complete_coverage	56	56	-0.07585580490508761	-0.05665283244493447	-0.019202972460153143	56	0.04505395114891765	0.0	0.001736111111111111	48.148148148148145	explicitly_absent	reference_unavailable	0	5	valid
MAPK1	resolved_exact_symbol	sufficient_complete_coverage	56	56	-0.8129894142767058	-0.1353199435650762	-0.6776694707116295	56	0.8931882816760448	0.7857142857142857	0.1111111111111111	100.0	explicitly_absent	reference_unavailable	0	5	valid
MARCO	resolved_exact_symbol	sufficient_complete_coverage	56	56	-0.07657305576587008	-0.04465436759431944	-0.031918688171550635	56	0.04508515552169046	0.0	0.0008680555555555555	81.48148148148148	explicitly_absent	reference_unavailable	0	5	valid
MAX	resolved_exact_symbol	sufficient_complete_coverage	56	56	-0.688268648265024	-0.8024281149461636	0.11415946668113963	56	0.8762894271334364	0.875	0.8949652777777778	22.22222222222222	explicitly_present	reference_unavailable	0	5	valid
MBD4	resolved_exact_symbol	sufficient_complete_coverage	56	56	-0.08875452151828409	-0.0997614701925298	0.011006948674245717	56	0.04888988821268317	0.0	0.005208333333333333	29.62962962962963	explicitly_absent	reference_unavailable	0	5	valid
MC1R	resolved_exact_symbol	sufficient_complete_coverage	56	56	-0.014394286830063385	-0.013703472453153571	-0.0006908143769098138	56	0.024505635992432086	0.03571428571428571	0.0078125	44.44444444444444	explicitly_absent	reference_unavailable	0	5	valid
MDM2	resolved_exact_symbol	sufficient_complete_coverage	56	56	-1.3485460927811548	-0.417231037590648	-0.9313150551905067	56	0.9964251033261587	0.75	0.4401041666666667	88.88888888888889	explicitly_present	reference_unavailable	1	5	valid
MDM4	resolved_exact_symbol	sufficient_complete_coverage	56	56	-0.1410025896159544	-0.05954959215537305	-0.08145299746058135	56	0.07119109464846649	0.125	0.12152777777777778	88.88888888888889	explicitly_absent	reference_unavailable	0	5	valid
MECOM	resolved_exact_symbol	sufficient_complete_coverage	56	56	0.06243448810213843	0.03967563605699685	0.02275885204514158	56	0.01239713433525657	0.0	0.024305555555555556	22.22222222222222	explicitly_absent	reference_unavailable	0	5	valid
MED12	resolved_exact_symbol	sufficient_complete_coverage	56	56	-0.6930691904602218	-0.5640423641245395	-0.1290268263356823	56	0.8357673700031603	0.7142857142857143	0.5902777777777778	70.37037037037037	explicitly_absent	reference_unavailable	0	5	valid
MERTK	resolved_exact_symbol	sufficient_complete_coverage	56	56	-0.10690991997138019	-0.07365396552581074	-0.03325595444556945	56	0.05270852886247373	0.0	0.006944444444444444	88.88888888888889	explicitly_absent	reference_unavailable	0	5	valid
MET	resolved_exact_symbol	sufficient_complete_coverage	56	56	0.010664057636821479	-0.014175308731316144	0.024839366368137623	56	0.01757639754618848	0.0	0.028645833333333332	14.814814814814815	explicitly_absent	reference_unavailable	0	5	valid
MITF	resolved_exact_symbol	sufficient_complete_coverage	56	56	-0.4283536938090401	-0.0484782221745169	-0.3798754716345232	56	0.48643645267493163	0.44642857142857145	0.009548611111111112	96.29629629629629	explicitly_absent	reference_unavailable	0	5	valid
MN1	resolved_exact_symbol	sufficient_complete_coverage	56	56	0.1147031423956377	0.10314709611451522	0.011556046281122473	56	0.0071448822915313025	0.0	0.0	33.333333333333336	explicitly_absent	reference_unavailable	0	5	valid
MRTFA	resolved_exact_symbol	sufficient_complete_coverage	56	56	-0.12423974962740286	-0.13625769956788214	0.012017949940479278	56	0.05987725158027763	0.017857142857142856	0.018229166666666668	18.51851851851852	explicitly_absent	reference_unavailable	0	5	valid
MSH2	resolved_exact_symbol	sufficient_complete_coverage	56	56	-0.19916068457846808	-0.20475934254402095	0.005598657965552867	56	0.12392476588127996	0.03571428571428571	0.018229166666666668	40.74074074074074	explicitly_absent	reference_unavailable	0	5	valid
MTAP	resolved_exact_symbol	sufficient_complete_coverage	56	56	0.001765919917108864	0.01988151731387778	-0.018115597396768914	56	0.01798254575130081	0.0	0.0	77.77777777777777	explicitly_absent	reference_unavailable	0	5	valid
MTOR	resolved_exact_symbol	sufficient_complete_coverage	56	56	-1.2341950136618125	-1.2530843119942268	0.01888929833241426	56	0.991899482877697	1.0	0.9809027777777778	33.333333333333336	explicitly_present	reference_unavailable	0	5	valid
MUTYH	resolved_exact_symbol	sufficient_complete_coverage	56	56	-0.06371844317038643	-0.06157007029515675	-0.002148372875229676	56	0.0372447418479774	0.0	0.0008680555555555555	66.66666666666667	explicitly_absent	reference_unavailable	0	5	valid
MX2	resolved_exact_symbol	sufficient_complete_coverage	56	56	0.06322339592467445	0.06426324660462712	-0.0010398506799526724	56	0.010155243511429223	0.0	0.0	48.148148148148145	explicitly_absent	reference_unavailable	0	5	valid
MYB	resolved_exact_symbol	sufficient_complete_coverage	56	56	-0.2383668513811943	-0.29944825875516784	0.06108140737397355	56	0.1759008399302746	0.03571428571428571	0.19618055555555555	7.407407407407407	explicitly_absent	reference_unavailable	0	5	valid
MYCL	resolved_exact_symbol	sufficient_complete_coverage	56	56	-0.02694371489350945	-0.01981635049396331	-0.00712736439954614	56	0.02648200137173792	0.0	0.003472222222222222	77.77777777777777	explicitly_absent	reference_unavailable	0	5	valid
MYCN	resolved_exact_symbol	sufficient_complete_coverage	56	56	-0.10231313440314074	-0.09697903595641764	-0.005334098446723098	56	0.04657996803044029	0.0	0.03819444444444445	59.25925925925926	explicitly_absent	reference_unavailable	0	5	valid
MYH9	resolved_exact_symbol	sufficient_complete_coverage	56	56	-0.16774301545077763	-0.5430034403950423	0.3752604249442647	56	0.09881359449198113	0.21428571428571427	0.5607638888888888	0.0	explicitly_absent	reference_unavailable	0	5	valid
NCOR1	resolved_exact_symbol	sufficient_complete_coverage	56	56	-0.06479063151622333	-0.1194923433545593	0.05470171183833597	56	0.03644019619439713	0.017857142857142856	0.07118055555555555	11.11111111111111	explicitly_absent	reference_unavailable	0	5	valid
NCOR2	resolved_exact_symbol	sufficient_complete_coverage	56	56	-0.08617660679431993	-0.08045753395661871	-0.0057190728377012195	56	0.04143923631202472	0.017857142857142856	0.03819444444444445	37.03703703703704	explicitly_absent	reference_unavailable	0	5	valid
NF1	resolved_exact_symbol	sufficient_complete_coverage	56	56	0.0019771339155402017	0.009506354566937518	-0.007529220651397316	56	0.019721964712171004	0.0	0.017361111111111112	48.148148148148145	explicitly_absent	reference_unavailable	0	5	valid
NF2	resolved_exact_symbol	sufficient_complete_coverage	56	56	0.24139439051277362	0.210186534758799	0.03120785575397461	56	0.0025437083249686757	0.07142857142857142	0.036458333333333336	33.333333333333336	explicitly_absent	reference_unavailable	0	5	valid
NFE2L2	resolved_exact_symbol	sufficient_complete_coverage	56	56	-0.14924719674865072	-0.20714206629685664	0.05789486954820591	56	0.08432932917261374	0.05357142857142857	0.14149305555555555	7.407407407407407	explicitly_absent	reference_unavailable	0	5	valid
NFKB2	resolved_exact_symbol	sufficient_complete_coverage	56	56	-0.07291431839673687	-0.14911904088057587	0.076204722483839	56	0.039965302273933655	0.017857142857142856	0.057291666666666664	18.51851851851852	explicitly_absent	reference_unavailable	0	5	valid
NFKBIE	resolved_exact_symbol	sufficient_complete_coverage	56	56	-0.3591398799415844	-0.4018719812845659	0.0427321013429815	56	0.3441621104153567	0.26785714285714285	0.4036458333333333	25.925925925925927	explicitly_present	reference_unavailable	0	5	valid
NGFR	resolved_exact_symbol	sufficient_complete_coverage	56	56	-0.24041421960464082	-0.22750036261103532	-0.012913856993605505	56	0.1667282415797557	0.03571428571428571	0.03993055555555555	48.148148148148145	explicitly_absent	reference_unavailable	0	5	valid
NKX2-1	resolved_exact_symbol	sufficient_complete_coverage	56	56	-0.03133446214879327	-0.0067478861706825105	-0.02458657597811076	56	0.02987755063188091	0.0	0.018229166666666668	85.18518518518519	explicitly_absent	reference_unavailable	0	5	valid
NOTCH1	resolved_exact_symbol	sufficient_complete_coverage	56	56	0.008586282728026395	0.006396218141302518	0.002190064586723877	56	0.015886080712783135	0.0	0.006076388888888889	55.55555555555556	explicitly_absent	reference_unavailable	0	5	valid
NOTCH2	resolved_exact_symbol	sufficient_complete_coverage	56	56	-0.034328145661024975	-0.05592751851732836	0.021599372856303388	56	0.025783870960812194	0.0	0.011284722222222222	37.03703703703704	explicitly_absent	reference_unavailable	0	5	valid
NRAS	resolved_exact_symbol	sufficient_complete_coverage	56	56	-0.19958349119150692	-0.14580495301355656	-0.053778538177950364	56	0.11160490099703885	0.19642857142857142	0.0798611111111111	85.18518518518519	explicitly_absent	reference_unavailable	0	5	valid
NT5E	resolved_exact_symbol	sufficient_complete_coverage	56	56	-0.008866378941955744	-0.010633835887351333	0.0017674569453955888	56	0.0211052075698444	0.0	0.0	40.74074074074074	explicitly_absent	reference_unavailable	0	5	valid
NTRK1	resolved_exact_symbol	sufficient_complete_coverage	56	56	0.026272854423689842	0.0019428068125859747	0.024330047611103866	56	0.01863576450281533	0.0	0.0008680555555555555	22.22222222222222	explicitly_absent	reference_unavailable	0	5	valid
NTRK2	resolved_exact_symbol	sufficient_complete_coverage	56	56	0.08551856745146294	0.11012805030019948	-0.02460948284873654	56	0.007605478950701532	0.0	0.0	66.66666666666667	explicitly_absent	reference_unavailable	0	5	valid
NTRK3	resolved_exact_symbol	sufficient_complete_coverage	56	56	0.00021986816198801135	0.029825131448152367	-0.029605263286164356	56	0.019114279173136295	0.0	0.0	70.37037037037037	explicitly_absent	reference_unavailable	0	5	valid
NUP98	resolved_exact_symbol	sufficient_complete_coverage	56	56	-0.8055598197254084	-0.7858585933258144	-0.01970122639959393	56	0.9185618693763015	0.9464285714285714	0.9244791666666666	51.851851851851855	explicitly_present	reference_unavailable	1	5	valid
NUTM1	resolved_exact_symbol	sufficient_complete_coverage	56	56	-0.01540965770348755	-0.010114591962301623	-0.005295065741185927	56	0.023444423153857114	0.0	0.0026041666666666665	51.851851851851855	explicitly_absent	reference_unavailable	0	5	valid
OCA2	resolved_exact_symbol	sufficient_complete_coverage	56	56	-0.024477812493177965	-0.04837117404353246	0.023893361550354493	56	0.025337616392692195	0.0	0.0	18.51851851851852	explicitly_absent	reference_unavailable	0	5	valid
PARP1	resolved_exact_symbol	sufficient_complete_coverage	56	56	-0.20900614511179944	-0.1966899483893725	-0.012316196722426925	56	0.13645456881846418	0.05357142857142857	0.05642361111111111	55.55555555555556	explicitly_absent	reference_unavailable	0	5	valid
PATZ1	resolved_exact_symbol	sufficient_complete_coverage	56	56	-0.1391172000683189	-0.12116391877644954	-0.017953281291869364	56	0.0798356188482517	0.0	0.019097222222222224	59.25925925925926	explicitly_absent	reference_unavailable	0	5	valid
PAX5	resolved_exact_symbol	sufficient_complete_coverage	56	56	-0.014464371335449124	-0.055350805488638084	0.04088643415318896	56	0.023559907731496195	0.0	0.04079861111111111	11.11111111111111	explicitly_absent	reference_unavailable	0	5	valid
PBRM1	resolved_exact_symbol	sufficient_complete_coverage	56	56	-0.04422832147235136	-0.1316982764726614	0.08746995500031005	56	0.025873981311805343	0.017857142857142856	0.0998263888888889	22.22222222222222	explicitly_absent	reference_unavailable	0	5	valid
PDCD1	resolved_exact_symbol	sufficient_complete_coverage	56	56	-0.01957298536283847	0.03332451189767327	-0.05289749726051174	56	0.02164243704516978	0.0	0.0	100.0	explicitly_absent	reference_unavailable	0	5	valid
PDCD1LG2	resolved_exact_symbol	sufficient_complete_coverage	56	56	0.09145888055795778	0.103002820737755	-0.011543940179797221	56	0.007611086135415668	0.0	0.0	62.96296296296296	explicitly_absent	reference_unavailable	0	5	valid
PDGFRA	resolved_exact_symbol	sufficient_complete_coverage	56	56	-0.18362142417989624	-0.16961968844526118	-0.014001735734635062	56	0.10237428471529833	0.05357142857142857	0.07118055555555555	62.96296296296296	explicitly_absent	reference_unavailable	0	5	valid
PDGFRB	resolved_exact_symbol	sufficient_complete_coverage	56	56	-0.07629056372993706	-0.07162163718064343	-0.004668926549293628	56	0.04135928988080292	0.0	0.028645833333333332	59.25925925925926	explicitly_absent	reference_unavailable	0	5	valid
PER1	resolved_exact_symbol	sufficient_complete_coverage	56	56	0.09976442986895973	0.13557826823363162	-0.03581383836467189	56	0.00844002980337798	0.0	0.0	74.07407407407408	explicitly_absent	reference_unavailable	0	5	valid
PHOX2B	resolved_exact_symbol	sufficient_complete_coverage	56	56	0.09159221551687652	0.1141949979993373	-0.02260278248246078	56	0.009699743764547134	0.0	0.008680555555555556	81.48148148148148	explicitly_absent	reference_unavailable	0	5	valid
PIK3CA	resolved_exact_symbol	sufficient_complete_coverage	56	56	-0.2939677758894327	-0.4561301766459492	0.1621624007565165	56	0.20917938968000044	0.14285714285714285	0.484375	14.814814814814815	explicitly_present	reference_unavailable	0	5	valid
PIK3CB	resolved_exact_symbol	sufficient_complete_coverage	56	56	-0.16430375541703418	-0.08330221026338015	-0.08100154515365403	56	0.08159559753139387	0.19642857142857142	0.04513888888888889	85.18518518518519	explicitly_absent	reference_unavailable	0	5	valid
PIK3R1	resolved_exact_symbol	sufficient_complete_coverage	56	56	0.07693671363161786	-0.015540592043400196	0.09247730567501805	56	0.009912816186445288	0.0	0.0390625	3.7037037037037037	explicitly_absent	reference_unavailable	0	5	valid
PLCG1	resolved_exact_symbol	sufficient_complete_coverage	56	56	0.02301043378246097	0.02419500120026994	-0.001184567417808969	56	0.01620788943023691	0.0	0.015625	51.851851851851855	explicitly_absent	reference_unavailable	0	5	valid
PLXNB2	resolved_exact_symbol	sufficient_complete_coverage	56	56	0.07287237929257996	0.10058493461462178	-0.027712555322041824	56	0.010539954198750902	0.0	0.0	70.37037037037037	explicitly_absent	reference_unavailable	0	5	valid
PMEL	resolved_exact_symbol	sufficient_complete_coverage	56	56	-0.13772450645851692	-0.08696670078141512	-0.050757805677101794	56	0.07252845996137892	0.017857142857142856	0.001736111111111111	81.48148148148148	explicitly_absent	reference_unavailable	0	5	valid
PMS2	resolved_exact_symbol	sufficient_complete_coverage	56	56	0.11394202876623996	0.11741983946404981	-0.0034778106978098494	56	0.005788126840964296	0.0	0.0	62.96296296296296	explicitly_absent	reference_unavailable	0	5	valid
POLD1	resolved_exact_symbol	sufficient_complete_coverage	56	56	-2.0748283180612623	-2.2009152860172185	0.1260869679559562	56	1.0	1.0	1.0	22.22222222222222	explicitly_present	reference_unavailable	0	5	valid
POLE	resolved_exact_symbol	sufficient_complete_coverage	56	56	-1.512475654018234	-1.5813166861643115	0.06884103214607751	56	0.9994873578486327	1.0	0.9965277777777778	33.333333333333336	explicitly_present	reference_unavailable	0	5	valid
POLQ	resolved_exact_symbol	sufficient_complete_coverage	56	56	-0.2878340309311357	-0.3354516196277339	0.04761758869659821	56	0.2125326319656341	0.17857142857142858	0.2760416666666667	22.22222222222222	explicitly_absent	reference_unavailable	0	5	valid
POT1	resolved_exact_symbol	sufficient_complete_coverage	56	56	-0.42293149499519567	-0.41623893481081464	-0.0066925601843810245	56	0.4805480850355817	0.48214285714285715	0.4427083333333333	70.37037037037037	explicitly_absent	reference_unavailable	0	5	valid
POU2AF1	resolved_exact_symbol	sufficient_complete_coverage	56	56	0.010038770990871998	-0.007804775346166002	0.017843546337038	56	0.02258460016959892	0.0	0.04513888888888889	33.333333333333336	explicitly_absent	reference_unavailable	0	5	valid
PPP2R1A	resolved_exact_symbol	sufficient_complete_coverage	56	56	-1.471863264456811	-1.1122473426836132	-0.3596159217731978	56	0.9991692822150705	0.9821428571428571	0.8541666666666666	88.88888888888889	explicitly_present	reference_unavailable	1	5	valid
PPP6C	resolved_exact_symbol	sufficient_complete_coverage	56	56	-0.781903782242473	-0.4894286085851235	-0.29247517365734954	56	0.8982627669210668	0.75	0.5373263888888888	100.0	explicitly_absent	reference_unavailable	0	5	valid
PRDM1	resolved_exact_symbol	sufficient_complete_coverage	56	56	-0.008524764962677182	-0.030787463811943288	0.022262698849266106	56	0.02097438411360496	0.0	0.020833333333333332	18.51851851851852	explicitly_absent	reference_unavailable	0	5	valid
PRDM16	resolved_exact_symbol	sufficient_complete_coverage	56	56	-0.09204657993987507	-0.08420739754723304	-0.00783918239264203	56	0.04697655942427176	0.0	0.011284722222222222	48.148148148148145	explicitly_absent	reference_unavailable	0	5	valid
PREX2	resolved_exact_symbol	sufficient_complete_coverage	56	56	0.11155773430019963	0.12467928818372082	-0.013121553883521181	56	0.007049386132260232	0.0	0.0	62.96296296296296	explicitly_absent	reference_unavailable	0	5	valid
PRF1	resolved_exact_symbol	sufficient_complete_coverage	56	56	0.0047451788481697	-0.010633916647433368	0.015379095495603068	56	0.02139926937725605	0.0	0.0	22.22222222222222	explicitly_absent	reference_unavailable	0	5	valid
PTCH1	resolved_exact_symbol	sufficient_complete_coverage	56	56	0.018151218696463505	0.0247345840198514	-0.006583365323387894	56	0.020825055662632826	0.0	0.001736111111111111	25.925925925925927	explicitly_absent	reference_unavailable	0	5	valid
PTEN	resolved_exact_symbol	sufficient_complete_coverage	56	56	0.3093834287818784	0.3424338799920227	-0.03305045121014427	56	0.0016319869133616688	0.017857142857142856	0.013888888888888888	55.55555555555556	explicitly_absent	reference_unavailable	0	5	valid
PTK6	resolved_exact_symbol	sufficient_complete_coverage	56	56	-0.12026321213311797	-0.13326680094787496	0.013003588814756994	56	0.05169764005554711	0.017857142857142856	0.019965277777777776	33.333333333333336	explicitly_absent	reference_unavailable	0	5	valid
PTPN11	resolved_exact_symbol	sufficient_complete_coverage	56	56	-0.22336959724687172	-0.7670813324996104	0.5437117352527387	56	0.15755716577163256	0.14285714285714285	0.7317708333333334	3.7037037037037037	explicitly_present	reference_unavailable	0	5	valid
PTPN13	resolved_exact_symbol	sufficient_complete_coverage	56	56	0.0242865690164243	0.04244292382368918	-0.01815635480726488	56	0.015851864845906453	0.0	0.001736111111111111	59.25925925925926	explicitly_absent	reference_unavailable	0	5	valid
PTPRB	resolved_exact_symbol	sufficient_complete_coverage	56	56	-0.005419265839015835	-0.003032941042676718	-0.0023863247963391166	56	0.022612690169484462	0.0	0.0	44.44444444444444	explicitly_absent	reference_unavailable	0	5	valid
PTPRC	resolved_exact_symbol	insufficient_measured_context_models	56	7	-0.1839674851282336	-0.10900363877047652		7	0.10142439265024349	0.0	0.0398936170212766	65.0	explicitly_absent	reference_unavailable	0	5	valid
PTPRK	resolved_exact_symbol	sufficient_complete_coverage	56	56	0.11574090709819299	0.12022499097216345	-0.004484083873970465	56	0.007097817765832145	0.0	0.0	81.48148148148148	explicitly_absent	reference_unavailable	0	5	valid
PTPRT	resolved_exact_symbol	sufficient_complete_coverage	56	56	-0.04661431473671101	-0.06314951684378767	0.01653520210707666	56	0.03077532270482216	0.0	0.004340277777777778	14.814814814814815	explicitly_absent	reference_unavailable	0	5	valid
QKI	resolved_exact_symbol	sufficient_complete_coverage	56	56	-0.021443690625028444	-0.012262478887139099	-0.009181211737889345	56	0.02434871601799806	0.03571428571428571	0.026041666666666668	81.48148148148148	explicitly_absent	reference_unavailable	0	5	valid
RAC1	resolved_exact_symbol	sufficient_complete_coverage	56	56	-0.9644656313374076	-0.7451652685013221	-0.21930036283608545	56	0.9718981505657296	0.9821428571428571	0.7864583333333334	92.5925925925926	explicitly_present	reference_unavailable	1	5	valid
RAD51C	resolved_exact_symbol	sufficient_complete_coverage	56	56	-0.811587320321768	-0.7475824057944447	-0.06400491452732326	56	0.8957799704120795	0.9107142857142857	0.8342013888888888	88.88888888888889	explicitly_present	reference_unavailable	1	5	valid
RAF1	resolved_exact_symbol	sufficient_complete_coverage	56	56	-0.02220851631360249	-0.07938596753238451	0.057177451218782024	56	0.02468474918939307	0.16071428571428573	0.10590277777777778	22.22222222222222	explicitly_absent	reference_unavailable	0	5	valid
RANBP2	resolved_exact_symbol	sufficient_complete_coverage	56	56	-0.5210149465256304	-0.5048284426200854	-0.01618650390554499	56	0.6193692604611463	0.6785714285714286	0.5894097222222222	59.25925925925926	explicitly_present	reference_unavailable	1	5	valid
RB1	resolved_exact_symbol	sufficient_complete_coverage	56	56	0.20375104048983378	0.16453840788700114	0.03921263260283264	56	0.003501129077626756	0.017857142857142856	0.0008680555555555555	40.74074074074074	explicitly_absent	reference_unavailable	0	5	valid
RET	resolved_exact_symbol	sufficient_complete_coverage	56	56	-0.07167217571962779	-0.10983917890358519	0.038167003183957396	56	0.04047103264540877	0.0	0.001736111111111111	3.7037037037037037	explicitly_absent	reference_unavailable	0	5	valid
RICTOR	resolved_exact_symbol	sufficient_complete_coverage	56	56	-0.39783708129546663	-0.42860231358913625	0.03076523229366962	56	0.38868919644309075	0.35714285714285715	0.4375	33.333333333333336	explicitly_absent	reference_unavailable	0	5	valid
ROS1	resolved_exact_symbol	sufficient_complete_coverage	56	56	0.12383389748495374	0.10590995083832916	0.017923946646624583	56	0.005657972826808763	0.0	0.0008680555555555555	11.11111111111111	explicitly_absent	reference_unavailable	0	5	valid
RPL5	resolved_exact_symbol	sufficient_complete_coverage	56	56	-2.0634465911044617	-2.3033679256554587	0.23992133455099696	56	1.0	1.0	1.0	25.925925925925927	explicitly_present	reference_unavailable	0	5	valid
RRM1	resolved_exact_symbol	sufficient_complete_coverage	56	56	-3.527279701684648	-3.268997723440182	-0.2582819782444661	56	1.0	1.0	1.0	100.0	explicitly_present	reference_unavailable	1	5	valid
RRM2	resolved_exact_symbol	sufficient_complete_coverage	56	56	-2.8483434965014958	-2.6467259603749254	-0.2016175361265704	56	1.0	1.0	0.9982638888888888	74.07407407407408	explicitly_present	reference_unavailable	1	5	valid
RRM2B	resolved_exact_symbol	sufficient_complete_coverage	56	56	0.006488471619161884	0.003594131329540177	0.0028943402896217073	56	0.017595754218379635	0.0	0.0008680555555555555	44.44444444444444	explicitly_absent	reference_unavailable	0	5	valid
RUNX1T1	resolved_exact_symbol	sufficient_complete_coverage	56	56	-0.04714232020834208	-0.032589026610729495	-0.014553293597612586	56	0.03193243688624428	0.0	0.006076388888888889	37.03703703703704	explicitly_absent	reference_unavailable	0	5	valid
SALL4	resolved_exact_symbol	sufficient_complete_coverage	56	56	-0.05751971111293863	-0.07580809559290991	0.018288384479971276	56	0.036589651850089416	0.0	0.0078125	14.814814814814815	explicitly_absent	reference_unavailable	0	5	valid
SETBP1	resolved_exact_symbol	sufficient_complete_coverage	56	56	0.020794089042544255	0.010837397892716812	0.009956691149827442	56	0.016776289101935012	0.0	0.0026041666666666665	25.925925925925927	explicitly_absent	reference_unavailable	0	5	valid
SETD2	resolved_exact_symbol	sufficient_complete_coverage	56	56	-0.3280383584112302	-0.4084966647293849	0.0804583063181547	56	0.26696470082025603	0.32142857142857145	0.4071180555555556	22.22222222222222	explicitly_absent	reference_unavailable	0	5	valid
SF3B1	resolved_exact_symbol	sufficient_complete_coverage	56	56	-1.4947664924641337	-1.4373399099802928	-0.057426582483840916	56	0.9993767217839019	1.0	0.9965277777777778	74.07407407407408	explicitly_present	reference_unavailable	1	5	valid
SLC24A5	resolved_exact_symbol	sufficient_complete_coverage	56	56	0.04566657198688534	0.04404512747811383	0.0016214445087715107	56	0.012767474299341924	0.0	0.0	44.44444444444444	explicitly_absent	reference_unavailable	0	5	valid
SLC45A2	resolved_exact_symbol	sufficient_complete_coverage	56	56	0.11861136448699858	0.06570325358802152	0.052908110898977054	56	0.006829464645826495	0.0	0.0	11.11111111111111	explicitly_absent	reference_unavailable	0	5	valid
SMAD2	resolved_exact_symbol	sufficient_complete_coverage	56	56	0.020857726704379374	0.024634716706733818	-0.003776990002354444	56	0.019602222042527484	0.0	0.0026041666666666665	44.44444444444444	explicitly_absent	reference_unavailable	0	5	valid
SMAD3	resolved_exact_symbol	sufficient_complete_coverage	56	56	-0.019242661334844407	-0.01789867056678154	-0.0013439907680628665	56	0.026968181859627394	0.0	0.001736111111111111	59.25925925925926	explicitly_absent	reference_unavailable	0	5	valid
SMARCA4	resolved_exact_symbol	sufficient_complete_coverage	56	56	-0.40356272875642973	-0.31767283574775484	-0.08588989300867489	56	0.3939739872865238	0.4642857142857143	0.34375	70.37037037037037	explicitly_absent	reference_unavailable	0	5	valid
SMO	resolved_exact_symbol	sufficient_complete_coverage	56	56	-0.016674116349569723	-0.08750244279607522	0.0708283264465055	56	0.025248343352956944	0.0	0.003472222222222222	11.11111111111111	explicitly_absent	reference_unavailable	0	5	valid
SPEN	resolved_exact_symbol	sufficient_complete_coverage	56	56	-0.1069708047403998	0.030554897115655802	-0.13752570185605562	56	0.051609868437919544	0.017857142857142856	0.009548611111111112	96.29629629629629	explicitly_absent	reference_unavailable	0	5	valid
SPOP	resolved_exact_symbol	sufficient_complete_coverage	56	56	-0.0011139874447977718	-0.06776801291012384	0.06665402546532606	56	0.021659335715944927	0.03571428571428571	0.017361111111111112	3.7037037037037037	explicitly_absent	reference_unavailable	0	5	valid
STAT1	resolved_exact_symbol	sufficient_complete_coverage	56	56	0.03441501730713435	0.034154773729614785	0.00026024357751956717	56	0.015444040039196624	0.0	0.0	51.851851851851855	explicitly_absent	reference_unavailable	0	5	valid
STAT5B	resolved_exact_symbol	sufficient_complete_coverage	56	56	-0.11715704066883736	-0.15940249496985368	0.04224545430101631	56	0.059652060425314735	0.0	0.029513888888888888	3.7037037037037037	explicitly_absent	reference_unavailable	0	5	valid
STK11	resolved_exact_symbol	sufficient_complete_coverage	56	56	-0.14109773350213328	-0.17737948283947755	0.036281749337344266	56	0.07264424891737002	0.14285714285714285	0.22395833333333334	44.44444444444444	explicitly_absent	reference_unavailable	0	5	valid
STN1	resolved_exact_symbol	sufficient_complete_coverage	56	56	-0.3320372797448661	-0.4231674721858706	0.09113019244100451	56	0.2679704032719562	0.30357142857142855	0.4592013888888889	37.03703703703704	explicitly_absent	reference_unavailable	0	5	valid
SUFU	resolved_exact_symbol	sufficient_complete_coverage	56	56	0.05071099091677807	0.03946241725055476	0.01124857366622331	56	0.012147568247679989	0.017857142857142856	0.004340277777777778	55.55555555555556	explicitly_absent	reference_unavailable	0	5	valid
SUZ12	resolved_exact_symbol	sufficient_complete_coverage	56	56	-0.33607475463804537	-0.3978726020463404	0.061797847408295026	56	0.28560992279472086	0.3392857142857143	0.4201388888888889	33.333333333333336	explicitly_absent	reference_unavailable	0	5	valid
SYK	resolved_exact_symbol	sufficient_complete_coverage	56	56	0.008529689252564848	0.02714536697506613	-0.01861567772250128	56	0.018472304540237433	0.0	0.020833333333333332	70.37037037037037	explicitly_absent	reference_unavailable	0	5	valid
TAP1	resolved_exact_symbol	sufficient_complete_coverage	56	56	-0.07247945665159533	-0.12772717441396145	0.055247717762366116	56	0.0447208452197298	0.03571428571428571	0.008680555555555556	40.74074074074074	explicitly_absent	reference_unavailable	0	5	valid
TAP2	resolved_exact_symbol	sufficient_complete_coverage	56	56	0.034986271431895845	0.058494450908196424	-0.02350817947630058	56	0.012748389342080056	0.0	0.001736111111111111	85.18518518518519	explicitly_absent	reference_unavailable	0	5	valid
TBL1XR1	resolved_exact_symbol	sufficient_complete_coverage	56	56	-0.33277910671051136	-0.32759591051601034	-0.005183196194501027	56	0.27129473782400343	0.26785714285714285	0.3541666666666667	37.03703703703704	explicitly_absent	reference_unavailable	0	5	valid
TBX3	resolved_exact_symbol	sufficient_complete_coverage	56	56	-0.144887275560554	-0.08829038233687257	-0.05659689322368143	56	0.07955915571703014	0.07142857142857142	0.041666666666666664	81.48148148148148	explicitly_absent	reference_unavailable	0	5	valid
TCL1A	resolved_exact_symbol	sufficient_complete_coverage	56	56	-0.000812838632041863	0.002780478045225047	-0.00359331667726691	56	0.02026722678410809	0.0	0.001736111111111111	51.851851851851855	explicitly_absent	reference_unavailable	0	5	valid
TENT5C	resolved_exact_symbol	sufficient_complete_coverage	56	56	0.021952823430253073	0.03127656538377186	-0.009323741953518788	56	0.018800263137722335	0.0	0.0008680555555555555	40.74074074074074	explicitly_absent	reference_unavailable	0	5	valid
TERT	resolved_exact_symbol	sufficient_complete_coverage	56	56	-0.04819403767771936	-0.046616592552625125	-0.0015774451250942373	56	0.03060298315596087	0.0	0.018229166666666668	59.25925925925926	explicitly_absent	reference_unavailable	0	5	valid
TET1	resolved_exact_symbol	sufficient_complete_coverage	56	56	-0.01236085251979058	-0.014266890181381182	0.001906037661590601	56	0.024035437041026612	0.0	0.0008680555555555555	51.851851851851855	explicitly_absent	reference_unavailable	0	5	valid
TET2	resolved_exact_symbol	sufficient_complete_coverage	56	56	0.08659371212470038	0.11314935110904266	-0.02655563898434228	56	0.007554157730363114	0.0	0.0	81.48148148148148	explicitly_absent	reference_unavailable	0	5	valid
TFE3	resolved_exact_symbol	sufficient_complete_coverage	56	56	-0.010454951169714191	0.03296252298346187	-0.04341747415317606	56	0.020410044427780348	0.0	0.0	81.48148148148148	explicitly_absent	reference_unavailable	0	5	valid
TFEB	resolved_exact_symbol	sufficient_complete_coverage	56	56	0.0019224156039644225	0.0014476013747156938	0.0004748142292487288	56	0.01872188394700413	0.0	0.003472222222222222	62.96296296296296	explicitly_absent	reference_unavailable	0	5	valid
TGFB1	resolved_exact_symbol	sufficient_complete_coverage	56	56	-0.0584569922925765	-0.061696369974447524	0.0032393776818710265	56	0.03879322257892474	0.0	0.0026041666666666665	40.74074074074074	explicitly_absent	reference_unavailable	0	5	valid
TGFBR1	resolved_exact_symbol	sufficient_complete_coverage	56	56	-0.04561856834087192	-0.12180796060214177	0.07618939226126986	56	0.03221306181112013	0.03571428571428571	0.0842013888888889	11.11111111111111	explicitly_absent	reference_unavailable	0	5	valid
TIGIT	resolved_exact_symbol	sufficient_complete_coverage	56	56	-0.026380581032389563	-0.07111866194902111	0.04473808091663155	56	0.029299535174605706	0.0	0.0008680555555555555	7.407407407407407	explicitly_absent	reference_unavailable	0	5	valid
TMEM127	resolved_exact_symbol	sufficient_complete_coverage	56	56	-0.2801840245311775	-0.27617043866279734	-0.004013585868380187	56	0.1948213468608736	0.17857142857142858	0.15711805555555555	55.55555555555556	explicitly_absent	reference_unavailable	0	5	valid
TNFRSF17	resolved_exact_symbol	sufficient_complete_coverage	56	56	-0.07182926242556906	-0.08347379630619953	0.01164453388063047	56	0.04088511534774647	0.0	0.0008680555555555555	22.22222222222222	explicitly_absent	reference_unavailable	0	5	valid
TNFRSF18	resolved_exact_symbol	sufficient_complete_coverage	56	56	0.0031678861143592326	0.002761574411370651	0.00040631170298858175	56	0.020690473212946793	0.0	0.0	51.851851851851855	explicitly_absent	reference_unavailable	0	5	valid
TP53	resolved_exact_symbol	sufficient_complete_coverage	56	56	0.8202592324433257	0.22739095457705163	0.592868277866274	56	2.371112152923413e-07	0.0	0.004340277777777778	14.814814814814815	explicitly_absent	reference_unavailable	0	5	valid
TP63	resolved_exact_symbol	sufficient_complete_coverage	56	56	0.06069628975320457	-0.006515289977900816	0.06721157973110539	56	0.012420727182457592	0.017857142857142856	0.0954861111111111	7.407407407407407	explicitly_absent	reference_unavailable	0	5	valid
TRAF7	resolved_exact_symbol	sufficient_complete_coverage	56	56	-0.13475684387968312	-0.12945310511060099	-0.005303738769082134	56	0.06819388689452299	0.05357142857142857	0.058159722222222224	62.96296296296296	explicitly_absent	reference_unavailable	0	5	valid
TREM2	resolved_exact_symbol	sufficient_complete_coverage	56	56	0.0323268773346124	0.015628711378444307	0.01669816595616809	56	0.014501080563188398	0.0	0.0026041666666666665	29.62962962962963	explicitly_absent	reference_unavailable	0	5	valid
TRRAP	resolved_exact_symbol	sufficient_complete_coverage	56	56	-1.2709263893882927	-1.5076056779800973	0.23667928859180454	56	0.9937763894442102	1.0	0.9947916666666666	14.814814814814815	explicitly_present	reference_unavailable	0	5	valid
TSC1	resolved_exact_symbol	sufficient_complete_coverage	56	56	-0.06139145221472085	0.03450340800782529	-0.09589486022254615	56	0.036748465525459184	0.16071428571428573	0.10416666666666667	77.77777777777777	explicitly_absent	reference_unavailable	0	5	valid
TSC2	resolved_exact_symbol	sufficient_complete_coverage	56	56	-0.19336827495763223	-0.06063384949034849	-0.13273442546728376	56	0.11191983755845783	0.2857142857142857	0.1987847222222222	74.07407407407408	explicitly_absent	reference_unavailable	0	5	valid
TYR	resolved_exact_symbol	sufficient_complete_coverage	56	56	0.039761465584603584	0.033427955948767824	0.00633350963583576	56	0.013953535396493747	0.0	0.0	59.25925925925926	explicitly_absent	reference_unavailable	0	5	valid
TYRP1	resolved_exact_symbol	sufficient_complete_coverage	56	56	-0.00467660277186081	-0.01774308364380737	0.013066480871946558	56	0.02110733051641108	0.0	0.004340277777777778	33.333333333333336	explicitly_absent	reference_unavailable	0	5	valid
U2AF1	resolved_exact_symbol	sufficient_complete_coverage	56	56	-1.9445118925982248	-1.863723503283282	-0.08078838931494281	56	1.0	1.0	0.9982638888888888	62.96296296296296	explicitly_present	reference_unavailable	1	5	valid
UBR5	resolved_exact_symbol	sufficient_complete_coverage	56	56	-0.4989999347581911	-0.5460664387346963	0.04706650397650519	56	0.5029036917489552	0.5	0.5954861111111112	55.55555555555556	explicitly_absent	reference_unavailable	0	5	valid
USP6	resolved_exact_symbol	sufficient_complete_coverage	56	56	-0.14083080016013066	-0.17858186440612764	0.037751064245996974	56	0.07325111118993291	0.0	0.016493055555555556	18.51851851851852	explicitly_absent	reference_unavailable	0	5	valid
WAS	resolved_exact_symbol	sufficient_complete_coverage	56	56	0.04235581384965959	0.02243546981904889	0.0199203440306107	56	0.013549175642979312	0.0	0.010416666666666666	22.22222222222222	explicitly_absent	reference_unavailable	0	5	valid
WNT5A	resolved_exact_symbol	sufficient_complete_coverage	56	56	0.058772730317348545	0.03605168596978254	0.022721044347566006	56	0.01236916749744851	0.0	0.0	22.22222222222222	explicitly_absent	reference_unavailable	0	5	valid
WRN	resolved_exact_symbol	sufficient_complete_coverage	56	56	-0.1359431135451314	-0.1210614660106739	-0.01488164753445749	56	0.06804582138278752	0.05357142857142857	0.07725694444444445	59.25925925925926	explicitly_absent	reference_unavailable	0	5	valid
ZBTB16	resolved_exact_symbol	sufficient_complete_coverage	56	56	0.07415276241873536	0.08401682458283966	-0.009864062164104292	56	0.010731332181391433	0.0	0.003472222222222222	59.25925925925926	explicitly_absent	reference_unavailable	0	5	valid
ZFHX3	resolved_exact_symbol	sufficient_complete_coverage	56	55	0.007593842404380845	0.04146456718227407	-0.03387072477789323	55	0.019485636278314837	0.0	0.0018018018018018018	77.77777777777777	explicitly_absent	reference_unavailable	0	5	valid
ZNF331	resolved_exact_symbol	sufficient_complete_coverage	56	56	0.19280092244168862	0.2378772664152068	-0.045076343973518174	56	0.003587808287988493	0.0	0.0	81.48148148148148	explicitly_absent	reference_unavailable	0	5	valid
